INN X,INN Y,INP X,INP Y,VOUT X,VOUT Y
0,1.23,0,0.8,0,1.690069131498161e-08
1e-07,1.23,1e-07,0.8100000000000001,1e-07,1.690228286940332e-08
2.50482091957814e-07,1.23,2.50482091957814e-07,0.8250482091957815,2.50482091957814e-07,1.690074668140868e-08
4.275926735487603e-07,1.23,4.275926735487603e-07,0.8427592673548761,4.275926735487603e-07,1.690107522564284e-08
7.818138367306529e-07,1.23,7.818138367306529e-07,0.8781813836730653,7.818138367306529e-07,1.690022239560287e-08
1.490256163094438e-06,1.23,1.490256163094438e-06,0.9490256163094439,1.490256163094438e-06,1.69011530096483e-08
2.907140815822008e-06,1.23,2.907140815822008e-06,1.090714081582201,2.907140815822008e-06,1.689987899093026e-08
3.297122217989626e-06,1.23,3.297122217989626e-06,1.129712221798963,3.297122217989626e-06,1.690112152848047e-08
3.492112919073436e-06,1.23,3.492112919073436e-06,1.149211291907344,3.492112919073436e-06,1.689988982937076e-08
3.882094321241053e-06,1.23,3.882094321241053e-06,1.188209432124105,3.882094321241053e-06,1.690261546024601e-08
3.952860001032969e-06,1.23,3.952860001032969e-06,1.195286000103297,3.952860001032969e-06,1.689207514353011e-08
3.988242840928926e-06,1.23,3.988242840928926e-06,1.198824284092893,3.988242840928926e-06,1.608721373099246e-08
4.059008520720841e-06,1.23,4.059008520720841e-06,1.205900852072084,4.059008520720841e-06,-5.652671401136933e-09
4.092082494241375e-06,1.23,4.092082494241375e-06,1.209208249424138,4.092082494241375e-06,-3.041353195486586e-07
4.124649258100299e-06,1.23,4.124649258100299e-06,1.21246492581003,4.124649258100299e-06,-1.677307943673879e-06
4.1349745388448e-06,1.23,4.1349745388448e-06,1.21349745388448,4.1349745388448e-06,-3.130189921952052e-06
4.155625100333803e-06,1.23,4.155625100333803e-06,1.21556251003338,4.155625100333803e-06,-2.571982235281133e-06
4.184657849396034e-06,1.23,4.184657849396034e-06,1.218465784939603,4.184657849396034e-06,0.001534644185367078
4.198343028508785e-06,1.23,4.198343028508785e-06,1.219834302850879,4.198343028508785e-06,0.02400356402267572
4.202836206869852e-06,1.23,4.202836206869852e-06,1.220283620686985,4.202836206869852e-06,0.04693678081970674
4.211822563591985e-06,1.23,4.211822563591985e-06,1.221182256359199,4.211822563591985e-06,0.1561970824281696
4.21390594612667e-06,1.23,4.21390594612667e-06,1.221390594612667,4.21390594612667e-06,0.2182336743975622
4.215352100393157e-06,1.23,4.215352100393157e-06,1.221535210039316,4.215352100393157e-06,0.2896720278316051
4.2160751775264e-06,1.23,4.2160751775264e-06,1.22160751775264,4.2160751775264e-06,0.3463085609052177
4.217521331792886e-06,1.23,4.217521331792886e-06,1.221752133179289,4.217521331792886e-06,0.5605539740168543
4.217881266002464e-06,1.23,4.217881266002464e-06,1.221788126600246,4.217881266002464e-06,0.7071664376487544
4.218208065571699e-06,1.23,4.218208065571699e-06,1.22182080655717,4.218208065571699e-06,0.9612445189785043
4.218557709045597e-06,1.23,4.218557709045597e-06,1.22185577090456,4.218557709045597e-06,1.398932419294696
4.21881620704786e-06,1.23,4.21881620704786e-06,1.221881620704786,4.21881620704786e-06,1.762675354126818
4.219071413031722e-06,1.23,4.219071413031722e-06,1.221907141303172,4.219071413031722e-06,2.113695494717652
4.219349809421037e-06,1.23,4.219349809421037e-06,1.221934980942104,4.219349809421037e-06,2.379011336359715
4.219554695100887e-06,1.23,4.219554695100887e-06,1.221955469510089,4.219554695100887e-06,2.494634328386853
4.219793935365795e-06,1.23,4.219793935365795e-06,1.221979393536579,4.219793935365795e-06,2.583654899897118
4.220042823648999e-06,1.23,4.220042823648999e-06,1.2220042823649,4.220042823648999e-06,2.650475594682136
4.220334850530911e-06,1.23,4.220334850530911e-06,1.222033485053091,4.220334850530911e-06,2.715410239328838
4.220699980651249e-06,1.23,4.220699980651249e-06,1.222069998065125,4.220699980651249e-06,2.78171285431459
4.221376268423599e-06,1.23,4.221376268423599e-06,1.22213762684236,4.221376268423599e-06,2.884177797589581
4.222059312324832e-06,1.23,4.222059312324832e-06,1.222205931232483,4.222059312324832e-06,2.966777799367506
4.223348304201675e-06,1.23,4.223348304201675e-06,1.222334830420168,4.223348304201675e-06,3.093615641768844
4.224585886033609e-06,1.23,4.224585886033609e-06,1.222458588603361,4.224585886033609e-06,3.184456942821722
4.227061049697476e-06,1.23,4.227061049697476e-06,1.222706104969748,4.227061049697476e-06,3.287081264538404
4.229141627423536e-06,1.23,4.229141627423536e-06,1.222914162742354,4.229141627423536e-06,3.298166498269129
4.23136434485548e-06,1.23,4.23136434485548e-06,1.223136434485548,4.23136434485548e-06,3.300211278577078
4.233345718611226e-06,1.23,4.233345718611226e-06,1.223334571861123,4.233345718611226e-06,3.299103348407923
4.235435385233201e-06,1.23,4.235435385233201e-06,1.22354353852332,4.235435385233201e-06,3.300357367401554
4.238328115217165e-06,1.23,4.238328115217165e-06,1.223832811521717,4.238328115217165e-06,3.29917417714507
4.242328652001614e-06,1.23,4.242328652001614e-06,1.224232865200162,4.242328652001614e-06,3.300390884814218
4.248479438899836e-06,1.23,4.248479438899836e-06,1.224847943889984,4.248479438899836e-06,3.299199702554266
4.255775251227917e-06,1.23,4.255775251227917e-06,1.225577525122792,4.255775251227917e-06,3.300397962961626
4.268002436007258e-06,1.23,4.268002436007258e-06,1.226800243600726,4.268002436007258e-06,3.299210948087354
4.282481190577468e-06,1.23,4.282481190577468e-06,1.228248119057747,4.282481190577468e-06,3.300397243356547
4.299874892472269e-06,1.23,4.299874892472269e-06,1.229987489247227,4.299874892472269e-06,3.299218623335429
4.305148215360601e-06,1.23,4.305148215360601e-06,1.23051482153606,4.305148215360601e-06,3.300397368574497
4.315694861137265e-06,1.23,4.315694861137265e-06,1.231569486113727,4.315694861137265e-06,3.299223080314885
4.328385873924628e-06,1.23,4.328385873924628e-06,1.232838587392463,4.328385873924628e-06,3.300396489675034
4.34373487615374e-06,1.23,4.34373487615374e-06,1.234373487615374,4.34373487615374e-06,3.299226295057021
4.347673093997584e-06,1.23,4.347673093997584e-06,1.234767309399758,4.347673093997584e-06,3.300396023737811
4.355549529685272e-06,1.23,4.355549529685272e-06,1.235554952968527,4.355549529685272e-06,3.299228951350352
4.365747016368744e-06,1.23,4.365747016368744e-06,1.236574701636874,4.365747016368744e-06,3.300393884219341
4.380698824115742e-06,1.23,4.380698824115742e-06,1.238069882411574,4.380698824115742e-06,3.299230098830138
4.39987589756607e-06,1.23,4.39987589756607e-06,1.239987589756607,4.39987589756607e-06,3.300393281606366
4.423810115333942e-06,1.23,4.423810115333942e-06,1.242381011533394,4.423810115333942e-06,3.299230685742157
4.456479513883589e-06,1.23,4.456479513883589e-06,1.245647951388359,4.456479513883589e-06,3.300392834916191
4.50163245923904e-06,1.23,4.50163245923904e-06,1.250163245923904,4.50163245923904e-06,3.299231059171545
4.563277006329293e-06,1.23,4.563277006329293e-06,1.256327700632929,4.563277006329293e-06,3.300392545136398
4.646398596389062e-06,1.23,4.646398596389062e-06,1.264639859638906,4.646398596389062e-06,3.299231294462255
4.758586452762438e-06,1.23,4.758586452762438e-06,1.275858645276244,4.758586452762438e-06,3.300392358398465
4.908389493125996e-06,1.23,4.908389493125996e-06,1.2908389493126,4.908389493125996e-06,3.299231450504808
5.109727697645979e-06,1.23,5.109727697645979e-06,1.310972769764598,5.109727697645979e-06,3.30039222665785
5.320984975628081e-06,1.23,5.320984975628081e-06,1.332098497562808,5.320984975628081e-06,3.2992315653688
5.406601555897463e-06,1.23,5.406601555897463e-06,1.340660155589746,5.406601555897463e-06,3.30039346831951
5.577834716436227e-06,1.23,5.577834716436227e-06,1.357783471643623,5.577834716436227e-06,3.299231682517185
5.795756485688146e-06,1.23,5.795756485688146e-06,1.379575648568815,5.795756485688146e-06,3.300391947966092
6.037869551360483e-06,1.23,6.037869551360483e-06,1.403786955136048,6.037869551360483e-06,3.299231841124641
6.39421023420142e-06,1.23,6.39421023420142e-06,1.439421023420142,6.39421023420142e-06,3.300391849104896
6.892184842167774e-06,1.23,6.892184842167774e-06,1.489218484216777,6.892184842167774e-06,3.299231937680187
7.585344901742613e-06,1.23,7.585344901742613e-06,1.558534490174261,7.585344901742613e-06,3.300391745687972
8.596079358368378e-06,1.23,8.596079358368378e-06,1.659607935836838,8.596079358368378e-06,3.299232036593333
9.970143076045948e-06,1.23,9.970143076045948e-06,1.797014307604595,9.970143076045948e-06,3.300391651036489
9.999999999999999e-06,1.23,9.999999999999999e-06,1.8,9.999999999999999e-06,3.299812028933108
1.00597138479081e-05,1.23,1.00597138479081e-05,1.79402861520919,1.00597138479081e-05,3.299811994451885
1.01194276958162e-05,1.23,1.01194276958162e-05,1.788057230418379,1.01194276958162e-05,3.299811994448374
1.020035227979931e-05,1.23,1.020035227979931e-05,1.779964772020069,1.020035227979931e-05,3.299811994451902
1.036220144776552e-05,1.23,1.036220144776552e-05,1.763779855223448,1.036220144776552e-05,3.299811994448422
1.068589978369794e-05,1.23,1.068589978369794e-05,1.731410021630206,1.068589978369794e-05,3.299811994451995
1.133329645556278e-05,1.23,1.133329645556278e-05,1.666670354443722,1.133329645556278e-05,3.299811994448647
1.262808979929245e-05,1.23,1.262808979929245e-05,1.537191020070754,1.262808979929245e-05,3.299811994452654
1.382239010230337e-05,1.23,1.382239010230337e-05,1.417760989769662,1.382239010230337e-05,3.29981199445038
1.423334774091925e-05,1.23,1.423334774091925e-05,1.376665225908075,1.423334774091925e-05,3.299811994454996
1.457207210740074e-05,1.23,1.457207210740074e-05,1.342792789259926,1.457207210740074e-05,3.299811955166822
1.480153123029031e-05,1.23,1.480153123029031e-05,1.319846876970969,1.480153123029031e-05,3.299811953077788
1.500429485536397e-05,1.23,1.500429485536397e-05,1.299570514463603,1.500429485536397e-05,3.299811955164732
1.5204686471077e-05,1.23,1.5204686471077e-05,1.2795313528923,1.5204686471077e-05,3.299811953072176
1.528653176401606e-05,1.23,1.528653176401606e-05,1.271346823598394,1.528653176401606e-05,3.29981195517681
1.545022234989418e-05,1.23,1.545022234989418e-05,1.254977765010582,1.545022234989418e-05,3.299811953107137
1.548379862059164e-05,1.23,1.548379862059164e-05,1.251620137940836,1.548379862059164e-05,3.299811955664179
1.555095116198656e-05,1.23,1.555095116198656e-05,1.244904883801344,1.555095116198656e-05,3.299811954283586
1.556960054959546e-05,1.23,1.556960054959546e-05,1.243039945040454,1.556960054959546e-05,3.299811961138178
1.557892524339991e-05,1.23,1.557892524339991e-05,1.242107475660009,1.557892524339991e-05,3.29981195598823
1.559757463100881e-05,1.23,1.559757463100881e-05,1.240242536899119,1.559757463100881e-05,3.299811970884246
1.560231583884353e-05,1.23,1.560231583884353e-05,1.239768416115647,1.560231583884353e-05,3.299811966623163
1.561179825451299e-05,1.23,1.561179825451299e-05,1.238820174548701,1.561179825451299e-05,3.299811979028936
1.562765541801354e-05,1.23,1.562765541801354e-05,1.237234458198646,1.562765541801354e-05,3.299812006104994
1.564500727377645e-05,1.23,1.564500727377645e-05,1.235499272622355,1.564500727377645e-05,3.29981208089032
1.56631143452077e-05,1.23,1.56631143452077e-05,1.23368856547923,1.56631143452077e-05,3.299812394214527
1.568257720057812e-05,1.23,1.568257720057812e-05,1.231742279942188,1.568257720057812e-05,3.299813269308972
1.569691871899109e-05,1.23,1.569691871899109e-05,1.230308128100891,1.569691871899109e-05,3.299814015870326
1.571011266843451e-05,1.23,1.571011266843451e-05,1.228988733156549,1.571011266843451e-05,3.299815436614931
1.572192493994089e-05,1.23,1.572192493994089e-05,1.227807506005911,1.572192493994089e-05,3.299815459730492
1.573416064032142e-05,1.23,1.573416064032142e-05,1.226583935967858,1.573416064032142e-05,3.299816063102037
1.574802267758526e-05,1.23,1.574802267758526e-05,1.225197732241474,1.574802267758526e-05,3.299815189791536
1.576920005555124e-05,1.23,1.576920005555124e-05,1.223079994444876,1.576920005555124e-05,3.299755910837868
1.577030307277537e-05,1.23,1.577030307277537e-05,1.222969692722463,1.577030307277537e-05,3.299746014100592
1.577250910722362e-05,1.23,1.577250910722362e-05,1.222749089277638,1.577250910722362e-05,3.299520815187859
1.577361212444775e-05,1.23,1.577361212444775e-05,1.222638787555225,1.577361212444775e-05,3.299241483194777
1.577562226127293e-05,1.23,1.577562226127293e-05,1.222437773872707,1.577562226127293e-05,3.296838150757972
1.577812369123941e-05,1.23,1.577812369123941e-05,1.222187630876058,1.577812369123941e-05,3.272304318219658
1.578028291541608e-05,1.23,1.578028291541608e-05,1.221971708458392,1.578028291541608e-05,3.203796351861393
1.578294772031803e-05,1.23,1.578294772031803e-05,1.221705227968197,1.578294772031803e-05,3.029889856788494
1.578488968397569e-05,1.23,1.578488968397569e-05,1.221511031602431,1.578488968397569e-05,2.804450504564888
1.578547959099158e-05,1.23,1.578547959099158e-05,1.221452040900842,1.578547959099158e-05,2.693194399191545
1.578602303796405e-05,1.23,1.578602303796405e-05,1.221397696203595,1.578602303796405e-05,2.542239656626813
1.578638708805442e-05,1.23,1.578638708805442e-05,1.221361291194558,1.578638708805442e-05,2.385039059960892
1.578667660668595e-05,1.23,1.578667660668595e-05,1.221332339331405,1.578667660668595e-05,2.167924274063062
1.578698709940183e-05,1.23,1.578698709940183e-05,1.221301290059817,1.578698709940183e-05,1.80787657879029
1.57873261456319e-05,1.23,1.57873261456319e-05,1.22126738543681,1.57873261456319e-05,1.286977535088284
1.578752848487271e-05,1.23,1.578752848487271e-05,1.221247151512729,1.578752848487271e-05,0.95181560796528
1.578769456615303e-05,1.23,1.578769456615303e-05,1.221230543384697,1.578769456615303e-05,0.7282641865940425
1.578786857760916e-05,1.23,1.578786857760916e-05,1.221213142239084,1.578786857760916e-05,0.5863368179753067
1.5788050247927e-05,1.23,1.5788050247927e-05,1.2211949752073,1.5788050247927e-05,0.5106740278287887
1.57882617004858e-05,1.23,1.57882617004858e-05,1.221173829951419,1.57882617004858e-05,0.4563175783360822
1.57884461270932e-05,1.23,1.57884461270932e-05,1.22115538729068,1.57884461270932e-05,0.4173512480726465
1.578869701648953e-05,1.23,1.578869701648953e-05,1.221130298351047,1.578869701648953e-05,0.3795857884712504
1.57891987952822e-05,1.23,1.57891987952822e-05,1.22108012047178,1.57891987952822e-05,0.3159592203908632
1.578960844790467e-05,1.23,1.578960844790467e-05,1.221039155209533,1.578960844790467e-05,0.2790030806573143
1.57904277531496e-05,1.23,1.57904277531496e-05,1.22095722468504,1.57904277531496e-05,0.220721194069578
1.579125063940701e-05,1.23,1.579125063940701e-05,1.220874936059299,1.579125063940701e-05,0.1820514578762918
1.579289641192183e-05,1.23,1.579289641192183e-05,1.220710358807817,1.579289641192183e-05,0.1304103027457857
1.579435629752088e-05,1.23,1.579435629752088e-05,1.220564370247912,1.579435629752088e-05,0.1032220692503457
1.579672971416427e-05,1.23,1.579672971416427e-05,1.220327028583573,1.579672971416427e-05,0.07283570903262675
1.579928980444372e-05,1.23,1.579928980444372e-05,1.220071019555628,1.579928980444372e-05,0.05193034016783848
1.580265770847841e-05,1.23,1.580265770847841e-05,1.219734229152158,1.580265770847841e-05,0.032473891247796
1.580714984383737e-05,1.23,1.580714984383737e-05,1.219285015616263,1.580714984383737e-05,0.01800736825937486
1.580854164254852e-05,1.23,1.580854164254852e-05,1.219145835745147,1.580854164254852e-05,0.01426621782393316
1.581132523997083e-05,1.23,1.581132523997083e-05,1.218867476002917,1.581132523997083e-05,0.00879890811425175
1.5815357333192e-05,1.23,1.5815357333192e-05,1.2184642666808,1.5815357333192e-05,0.003405575074152663
1.582002085594426e-05,1.23,1.582002085594426e-05,1.217997914405573,1.582002085594426e-05,0.001405137185916133
1.582807484920414e-05,1.23,1.582807484920414e-05,1.217192515079585,1.582807484920414e-05,-3.777035780693558e-05
1.583834998709143e-05,1.23,1.583834998709143e-05,1.216165001290857,1.583834998709143e-05,0.0002265201721459658
1.585752069720772e-05,1.23,1.585752069720772e-05,1.214247930279228,1.585752069720772e-05,-0.0001998948869167952
1.58781396654763e-05,1.23,1.58781396654763e-05,1.21218603345237,1.58781396654763e-05,0.0002066253187217461
1.590467869335737e-05,1.23,1.590467869335737e-05,1.209532130664263,1.590467869335737e-05,-0.0002044144363308815
1.593148280084296e-05,1.23,1.593148280084296e-05,1.206851719915704,1.593148280084296e-05,0.0002049984789067192
1.595853163516615e-05,1.23,1.595853163516615e-05,1.204146836483384,1.595853163516615e-05,-0.0002048200860865527
1.599183689538924e-05,1.23,1.599183689538924e-05,1.200816310461076,1.599183689538924e-05,0.0002048340504947637
1.604973074397804e-05,1.23,1.604973074397804e-05,1.195026925602196,1.604973074397804e-05,-0.0002047518705106372
1.613877155451027e-05,1.23,1.613877155451027e-05,1.186122844548973,1.613877155451027e-05,0.0002047590080113545
1.625077071995275e-05,1.23,1.625077071995275e-05,1.174922928004725,1.625077071995275e-05,-0.0002046992007433842
1.636596224371809e-05,1.23,1.636596224371809e-05,1.163403775628191,1.636596224371809e-05,0.0002047253392772986
1.64846079563886e-05,1.23,1.64846079563886e-05,1.15153920436114,1.64846079563886e-05,-0.0002046752147118574
1.664007188737991e-05,1.23,1.664007188737991e-05,1.135992811262009,1.664007188737991e-05,0.0002047017104471127
1.686744521726024e-05,1.23,1.686744521726024e-05,1.113255478273976,1.686744521726024e-05,-0.0002046453321697813
1.717371857236893e-05,1.23,1.717371857236893e-05,1.082628142763107,1.717371857236893e-05,0.0002046728081103346
1.759880427444156e-05,1.23,1.759880427444156e-05,1.040119572555844,1.759880427444156e-05,-0.0002046208431318923
1.816757061212834e-05,1.23,1.816757061212834e-05,0.9832429387871656,1.816757061212834e-05,0.0002046512338284722
1.895644034818421e-05,1.23,1.895644034818421e-05,0.9043559651815793,1.895644034818421e-05,-0.0002046009564929828
2e-05,1.23,2e-05,0.8,2e-05,0.0002046327192853549
2.007504166666667e-05,1.23,2.007504166666667e-05,0.8075041666666667,2.007504166666667e-05,-6.288754881630066e-09
2.0225125e-05,1.23,2.0225125e-05,0.8225125000000001,2.0225125e-05,-1.645366644927732e-08
2.052529166666667e-05,1.23,2.052529166666667e-05,0.8525291666666669,2.052529166666667e-05,2.436046136909754e-08
2.1125625e-05,1.23,2.1125625e-05,0.9125625000000004,2.1125625e-05,9.441754881432352e-09
2.232629166666667e-05,1.23,2.232629166666667e-05,1.032629166666667,2.232629166666667e-05,2.435893158283424e-08
2.27875820535489e-05,1.23,2.27875820535489e-05,1.07875820535489,2.27875820535489e-05,9.443066077944926e-09
2.301822724699001e-05,1.23,2.301822724699001e-05,1.101822724699001,2.301822724699001e-05,2.435574775598795e-08
2.347951763387223e-05,1.23,2.347951763387223e-05,1.147951763387224,2.347951763387223e-05,9.446230625031327e-09
2.362361922250528e-05,1.23,2.362361922250528e-05,1.162361922250529,2.362361922250528e-05,2.435226334307339e-08
2.391182239977138e-05,1.23,2.391182239977138e-05,1.191182239977138,2.391182239977138e-05,9.452130814171051e-09
2.396904449445296e-05,1.23,2.396904449445296e-05,1.196904449445296,2.396904449445296e-05,2.421521231102071e-08
2.399765554179374e-05,1.23,2.399765554179374e-05,1.199765554179375,2.399765554179374e-05,8.116490578255631e-09
2.405487763647532e-05,1.23,2.405487763647532e-05,1.205487763647533,2.405487763647532e-05,3.636701514127197e-09
2.408348868381611e-05,1.23,2.408348868381611e-05,1.208348868381611,2.408348868381611e-05,-1.947389801849748e-07
2.412262711381955e-05,1.23,2.412262711381955e-05,1.212262711381955,2.412262711381955e-05,-1.390721054177013e-06
2.413336422248604e-05,1.23,2.413336422248604e-05,1.213336422248604,2.413336422248604e-05,-3.083876574810279e-06
2.415483843981901e-05,1.23,2.415483843981901e-05,1.215483843981902,2.415483843981901e-05,-2.749262939233084e-06
2.418272454258275e-05,1.23,2.418272454258275e-05,1.218272454258275,2.418272454258275e-05,0.000950118196303447
2.419697897033927e-05,1.23,2.419697897033927e-05,1.219697897033928,2.419697897033927e-05,0.01925521021853158
2.420167783589613e-05,1.23,2.420167783589613e-05,1.220167783589614,2.420167783589613e-05,0.04001408409244854
2.421107556700986e-05,1.23,2.421107556700986e-05,1.221107556700986,2.421107556700986e-05,0.1405247630466539
2.421250526694135e-05,1.23,2.421250526694135e-05,1.221250526694135,2.421250526694135e-05,0.1721833039554114
2.421536466680434e-05,1.23,2.421536466680434e-05,1.221536466680435,2.421536466680434e-05,0.2918530641444009
2.421614720251546e-05,1.23,2.421614720251546e-05,1.221614720251547,2.421614720251546e-05,0.352000322684915
2.421721810075335e-05,1.23,2.421721810075335e-05,1.221721810075335,2.421721810075335e-05,0.4920560963468901
2.421759458837892e-05,1.23,2.421759458837892e-05,1.221759458837892,2.421759458837892e-05,0.5824633618968476
2.42179017188174e-05,1.23,2.42179017188174e-05,1.22179017188174,2.42179017188174e-05,0.7169339784158293
2.421830399242584e-05,1.23,2.421830399242584e-05,1.221830399242584,2.421830399242584e-05,1.071704996832544
2.421859854623301e-05,1.23,2.421859854623301e-05,1.221859854623301,2.421859854623301e-05,1.454599263616159
2.421880443579323e-05,1.23,2.421880443579323e-05,1.221880443579324,2.421880443579323e-05,1.750721395053219
2.421908516894274e-05,1.23,2.421908516894274e-05,1.221908516894274,2.421908516894274e-05,2.129701170256981
2.421932341633284e-05,1.23,2.421932341633284e-05,1.221932341633284,2.421932341633284e-05,2.360073243250432
2.421954115721249e-05,1.23,2.421954115721249e-05,1.221954115721249,2.421954115721249e-05,2.489096232697122
2.421977951880942e-05,1.23,2.421977951880942e-05,1.221977951880942,2.421977951880942e-05,2.579033119534123
2.422003025737708e-05,1.23,2.422003025737708e-05,1.222003025737708,2.422003025737708e-05,2.648044399131335
2.422030740332472e-05,1.23,2.422030740332472e-05,1.222030740332472,2.422030740332472e-05,2.709432894269237
2.422069180754303e-05,1.23,2.422069180754303e-05,1.222069180754304,2.422069180754303e-05,2.780884138010661
2.422122417120471e-05,1.23,2.422122417120471e-05,1.222122417120471,2.422122417120471e-05,2.862668163044539
2.422202143193988e-05,1.23,2.422202143193988e-05,1.222202143193989,2.422202143193988e-05,2.963160371212992
2.422300137105915e-05,1.23,2.422300137105915e-05,1.222300137105915,2.422300137105915e-05,3.06235216834634
2.422439438788574e-05,1.23,2.422439438788574e-05,1.222439438788574,2.422439438788574e-05,3.172628722147622
2.422614642824293e-05,1.23,2.422614642824293e-05,1.222614642824293,2.422614642824293e-05,3.263223291311348
2.422838481255381e-05,1.23,2.422838481255381e-05,1.222838481255381,2.422838481255381e-05,3.297598157305379
2.423044182180906e-05,1.23,2.423044182180906e-05,1.223044182180906,2.423044182180906e-05,3.299270944165362
2.423247259939257e-05,1.23,2.423247259939257e-05,1.223247259939257,2.423247259939257e-05,3.299857387980094
2.423465304049991e-05,1.23,2.423465304049991e-05,1.223465304049991,2.423465304049991e-05,3.2995662524167
2.423706521927699e-05,1.23,2.423706521927699e-05,1.223706521927699,2.423706521927699e-05,3.299948623611751
2.424077241951091e-05,1.23,2.424077241951091e-05,1.224077241951091,2.424077241951091e-05,3.299607389553608
2.424635355313536e-05,1.23,2.424635355313536e-05,1.224635355313536,2.424635355313536e-05,3.299974107648882
2.42541959281923e-05,1.23,2.42541959281923e-05,1.22541959281923,2.42541959281923e-05,3.299622520443795
2.426549815075314e-05,1.23,2.426549815075314e-05,1.226549815075315,2.426549815075314e-05,3.299982260557909
2.428150764184212e-05,1.23,2.428150764184212e-05,1.228150764184212,2.428150764184212e-05,3.29962859063123
2.42984953518153e-05,1.23,2.42984953518153e-05,1.229849535181531,2.42984953518153e-05,3.29998559880791
2.430473507492856e-05,1.23,2.430473507492856e-05,1.230473507492856,2.430473507492856e-05,3.299632080087611
2.431721452115507e-05,1.23,2.431721452115507e-05,1.231721452115507,2.431721452115507e-05,3.299986966303809
2.433010552318851e-05,1.23,2.433010552318851e-05,1.233010552318852,2.433010552318851e-05,3.299634068588035
2.433378126343345e-05,1.23,2.433378126343345e-05,1.233378126343345,2.433378126343345e-05,3.299987411948672
2.433561913355592e-05,1.23,2.433561913355592e-05,1.233561913355593,2.433561913355592e-05,3.299635693096976
2.433929487380086e-05,1.23,2.433929487380086e-05,1.233929487380087,2.433929487380086e-05,3.299987798211001
2.434410015665104e-05,1.23,2.434410015665104e-05,1.234410015665104,2.434410015665104e-05,3.29963729531632
2.434606854032105e-05,1.23,2.434606854032105e-05,1.234606854032105,2.434606854032105e-05,3.299986069584008
2.435000530766106e-05,1.23,2.435000530766106e-05,1.235000530766107,2.435000530766106e-05,3.299637743852745
2.43578788423411e-05,1.23,2.43578788423411e-05,1.23578788423411,2.43578788423411e-05,3.299985453120554
2.436924747876013e-05,1.23,2.436924747876013e-05,1.236924747876013,2.436924747876013e-05,3.299638329695591
2.438602053033244e-05,1.23,2.438602053033244e-05,1.238602053033244,2.438602053033244e-05,3.29998725969334
2.440594967391811e-05,1.23,2.440594967391811e-05,1.240594967391811,2.440594967391811e-05,3.299638950945137
2.443227032444037e-05,1.23,2.443227032444037e-05,1.243227032444037,2.443227032444037e-05,3.299985477949037
2.446753033143728e-05,1.23,2.446753033143728e-05,1.246753033143729,2.446753033143728e-05,3.299639017014824
2.451799189077605e-05,1.23,2.451799189077605e-05,1.251799189077605,2.451799189077605e-05,3.29998673816383
2.458411705911333e-05,1.23,2.458411705911333e-05,1.258411705911333,2.458411705911333e-05,3.29963924432631
2.467581485421344e-05,1.23,2.467581485421344e-05,1.267581485421344,2.467581485421344e-05,3.299985545321685
2.479656859958022e-05,1.23,2.479656859958022e-05,1.279656859958022,2.479656859958022e-05,3.299639265635697
2.496106310836051e-05,1.23,2.496106310836051e-05,1.296106310836051,2.496106310836051e-05,3.299985528371643
2.516751039558195e-05,1.23,2.516751039558195e-05,1.316751039558195,2.516751039558195e-05,3.299639278100952
2.538901767783928e-05,1.23,2.538901767783928e-05,1.338901767783928,2.538901767783928e-05,3.299985517524039
2.547915415053839e-05,1.23,2.547915415053839e-05,1.34791541505384,2.547915415053839e-05,3.299639296105295
2.565942709593663e-05,1.23,2.565942709593663e-05,1.365942709593663,2.565942709593663e-05,3.299985498313374
2.590132234859966e-05,1.23,2.590132234859966e-05,1.390132234859966,2.590132234859966e-05,3.29963930722903
2.616125421335849e-05,1.23,2.616125421335849e-05,1.416125421335849,2.616125421335849e-05,3.299985489123667
2.661414448274809e-05,1.23,2.661414448274809e-05,1.461414448274809,2.661414448274809e-05,3.299639314258102
2.716912487377626e-05,1.23,2.716912487377626e-05,1.516912487377627,2.716912487377626e-05,3.299985484494166
2.80054874458281e-05,1.23,2.80054874458281e-05,1.60054874458281,2.80054874458281e-05,3.299639317714304
2.91548282823651e-05,1.23,2.91548282823651e-05,1.715482828236511,2.91548282823651e-05,3.29998548209426
3e-05,1.23,3e-05,1.8,3e-05,3.299639320065995
3.007504166666666e-05,1.23,3.007504166666666e-05,1.792495833333333,3.007504166666666e-05,3.299812396552214
3.0225125e-05,1.23,3.0225125e-05,1.7774875,3.0225125e-05,3.299812404239737
3.052529166666667e-05,1.23,3.052529166666667e-05,1.747470833333333,3.052529166666667e-05,3.299812396553069
3.1125625e-05,1.23,3.1125625e-05,1.6874375,3.1125625e-05,3.29981240424061
3.232629166666667e-05,1.23,3.232629166666667e-05,1.567370833333333,3.232629166666667e-05,3.299812396556156
3.432629166666667e-05,1.23,3.432629166666667e-05,1.367370833333333,3.432629166666667e-05,3.299812404259387
3.471092060706936e-05,1.23,3.471092060706936e-05,1.328907939293064,3.471092060706936e-05,3.29981239659278
3.489313970943921e-05,1.23,3.489313970943921e-05,1.310686029056078,3.489313970943921e-05,3.299812404306299
3.522093266706635e-05,1.23,3.522093266706635e-05,1.277906733293364,3.522093266706635e-05,3.299812396806151
3.546221147951736e-05,1.23,3.546221147951736e-05,1.253778852048264,3.546221147951736e-05,3.299812406429174
3.55244485202226e-05,1.23,3.55244485202226e-05,1.24755514797774,3.55244485202226e-05,3.299812403340504
3.555556704057521e-05,1.23,3.555556704057521e-05,1.244443295942478,3.555556704057521e-05,3.299812418090557
3.561780408128045e-05,1.23,3.561780408128045e-05,1.238219591871955,3.561780408128045e-05,3.299812490594987
3.563462250316364e-05,1.23,3.563462250316364e-05,1.236537749683636,3.563462250316364e-05,3.299812063648269
3.566825934693002e-05,1.23,3.566825934693002e-05,1.233174065306998,3.566825934693002e-05,3.29981236932762
3.569374983860249e-05,1.23,3.569374983860249e-05,1.230625016139751,3.569374983860249e-05,3.299814027979235
3.571405388703946e-05,1.23,3.571405388703946e-05,1.228594611296054,3.571405388703946e-05,3.299815349568365
3.57212526246828e-05,1.23,3.57212526246828e-05,1.22787473753172,3.57212526246828e-05,3.299815705045798
3.573565009996947e-05,1.23,3.573565009996947e-05,1.226434990003053,3.573565009996947e-05,3.299815941001678
3.574925547217407e-05,1.23,3.574925547217407e-05,1.225074452782593,3.574925547217407e-05,3.299814903209746
3.575426207435541e-05,1.23,3.575426207435541e-05,1.224573792564458,3.575426207435541e-05,3.299815821829612
3.57642752787181e-05,1.23,3.57642752787181e-05,1.22357247212819,3.57642752787181e-05,3.299804459535807
3.576864077563872e-05,1.23,3.576864077563872e-05,1.223135922436128,3.576864077563872e-05,3.299776463014864
3.577082352409903e-05,1.23,3.577082352409903e-05,1.222917647590097,3.577082352409903e-05,3.299701436098847
3.577518902101965e-05,1.23,3.577518902101965e-05,1.222481097898035,3.577518902101965e-05,3.297615512100043
3.577911548647253e-05,1.23,3.577911548647253e-05,1.222088451352746,3.577911548647253e-05,3.247721054239971
3.578255820756826e-05,1.23,3.578255820756826e-05,1.221744179243174,3.578255820756826e-05,3.063563334618724
3.578539846667472e-05,1.23,3.578539846667472e-05,1.221460153332528,3.578539846667472e-05,2.712963240849555
3.578600746592286e-05,1.23,3.578600746592286e-05,1.221399253407714,3.578600746592286e-05,2.551767909309515
3.57863750342597e-05,1.23,3.57863750342597e-05,1.22136249657403,3.57863750342597e-05,2.395601921257041
3.57866522285734e-05,1.23,3.57866522285734e-05,1.221334777142659,3.57866522285734e-05,2.197927382996511
3.578697967329861e-05,1.23,3.578697967329861e-05,1.221302032670138,3.578697967329861e-05,1.828787406479772
3.578729841898981e-05,1.23,3.578729841898981e-05,1.221270158101019,3.578729841898981e-05,1.343374964526218
3.578749179348255e-05,1.23,3.578749179348255e-05,1.221250820651745,3.578749179348255e-05,1.02212734723933
3.578767219411169e-05,1.23,3.578767219411169e-05,1.22123278058883,3.578767219411169e-05,0.7572338710482839
3.578786331334678e-05,1.23,3.578786331334678e-05,1.221213668665322,3.578786331334678e-05,0.5926925765924234
3.578802208012079e-05,1.23,3.578802208012079e-05,1.221197791987921,3.578802208012079e-05,0.5217863545518183
3.578823255831687e-05,1.23,3.578823255831687e-05,1.221176744168313,3.578823255831687e-05,0.4640078432505137
3.578841612336913e-05,1.23,3.578841612336913e-05,1.221158387663087,3.578841612336913e-05,0.4234905828099265
3.578865302629563e-05,1.23,3.578865302629563e-05,1.221134697370436,3.578865302629563e-05,0.3868485516309086
3.578912683214864e-05,1.23,3.578912683214864e-05,1.221087316785136,3.578912683214864e-05,0.3239553707335923
3.578950976679694e-05,1.23,3.578950976679694e-05,1.221049023320306,3.578950976679694e-05,0.2878883128010238
3.579027563609355e-05,1.23,3.579027563609355e-05,1.220972436390644,3.579027563609355e-05,0.2298047387342774
3.579103796679231e-05,1.23,3.579103796679231e-05,1.220896203320769,3.579103796679231e-05,0.1912483662837854
3.579256262818982e-05,1.23,3.579256262818982e-05,1.220743737181017,3.579256262818982e-05,0.1385487981829437
3.579392690850225e-05,1.23,3.579392690850225e-05,1.220607309149775,3.579392690850225e-05,0.1105183002510579
3.579623162772647e-05,1.23,3.579623162772647e-05,1.220376837227352,3.579623162772647e-05,0.07794263721014873
3.579859844932997e-05,1.23,3.579859844932997e-05,1.220140155067003,3.579859844932997e-05,0.05688781077125601
3.580173353144417e-05,1.23,3.580173353144417e-05,1.219826646855583,3.580173353144417e-05,0.03700910716415375
3.580600911619678e-05,1.23,3.580600911619678e-05,1.219399088380322,3.580600911619678e-05,0.02183537922818395
3.58106585384018e-05,1.23,3.58106585384018e-05,1.21893414615982,3.58106585384018e-05,0.01146272961311585
3.5812077223784e-05,1.23,3.5812077223784e-05,1.2187922776216,3.5812077223784e-05,0.008554421362763702
3.581491459454839e-05,1.23,3.581491459454839e-05,1.218508540545161,3.581491459454839e-05,0.003846970549742458
3.581846565025903e-05,1.23,3.581846565025903e-05,1.218153434974097,3.581846565025903e-05,0.001939587440920792
3.582234277497307e-05,1.23,3.582234277497307e-05,1.217765722502693,3.582234277497307e-05,0.0004903270358043904
3.582719849221931e-05,1.23,3.582719849221931e-05,1.217280150778069,3.582719849221931e-05,0.0003836959102556122
3.583690992671178e-05,1.23,3.583690992671178e-05,1.216309007328822,3.583690992671178e-05,-0.0001491906958888764
3.585027669385803e-05,1.23,3.585027669385803e-05,1.214972330614197,3.585027669385803e-05,0.0001829939407235506
3.58746880625095e-05,1.23,3.58746880625095e-05,1.212531193749049,3.58746880625095e-05,-0.0001743590983057419
3.589872379007959e-05,1.23,3.589872379007959e-05,1.210127620992041,3.589872379007959e-05,0.0001773889940394552
3.592669063916758e-05,1.23,3.592669063916758e-05,1.207330936083242,3.592669063916758e-05,-0.0001766393677046603
3.595303137461386e-05,1.23,3.595303137461386e-05,1.204696862538613,3.595303137461386e-05,0.0001768001511470794
3.598491943502535e-05,1.23,3.598491943502535e-05,1.201508056497465,3.598491943502535e-05,-0.0001767112484063971
3.603321387934082e-05,1.23,3.603321387934082e-05,1.196678612065918,3.603321387934082e-05,0.0001767303205505112
3.612680922351181e-05,1.23,3.612680922351181e-05,1.187319077648818,3.612680922351181e-05,-0.0001766485505946098
3.623467364117348e-05,1.23,3.623467364117348e-05,1.176532635882652,3.623467364117348e-05,0.0001766743069101969
3.635093715578601e-05,1.23,3.635093715578601e-05,1.164906284421399,3.635093715578601e-05,-0.0001766283794184013
3.646754199281242e-05,1.23,3.646754199281242e-05,1.153245800718758,3.646754199281242e-05,0.0001766585337943708
3.661568912923726e-05,1.23,3.661568912923726e-05,1.138431087076274,3.661568912923726e-05,-0.000176614316384648
3.68303884419628e-05,1.23,3.68303884419628e-05,1.116961155803719,3.68303884419628e-05,0.0001766442652096727
3.713043393309939e-05,1.23,3.713043393309939e-05,1.086956606690061,3.713043393309939e-05,-0.0001765948999210457
3.752963486010847e-05,1.23,3.752963486010847e-05,1.047036513989152,3.752963486010847e-05,0.0001766273311134037
3.808632291879155e-05,1.23,3.808632291879155e-05,0.9913677081208443,3.808632291879155e-05,-0.0001765807798958544
3.882803433749182e-05,1.23,3.882803433749182e-05,0.9171965662508181,3.882803433749182e-05,0.0001766142716765755
3.987756970170337e-05,1.23,3.987756970170337e-05,0.8122430298296625,3.987756970170337e-05,-0.0001765680692825181
4e-05,1.23,4e-05,0.8,4e-05,0.0001766198924675173
4.007504166666666e-05,1.23,4.007504166666666e-05,0.8075041666666667,4.007504166666666e-05,3.189643311452834e-08
4.014086565498776e-05,1.23,4.014086565498776e-05,0.8140865654987764,4.014086565498776e-05,2.651584688948515e-08
4.026811920061097e-05,1.23,4.026811920061097e-05,0.8268119200610976,4.026811920061097e-05,3.189242650801808e-08
4.052262629185739e-05,1.23,4.052262629185739e-05,0.8522626291857398,4.052262629185739e-05,2.651730710918991e-08
4.103164047435024e-05,1.23,4.103164047435024e-05,0.9031640474350243,4.103164047435024e-05,3.189061678087953e-08
4.204966883933593e-05,1.23,4.204966883933593e-05,1.004966883933593,4.204966883933593e-05,2.651642470381727e-08
4.25069275336647e-05,1.23,4.25069275336647e-05,1.05069275336647,4.25069275336647e-05,3.188914041328143e-08
4.273555688082908e-05,1.23,4.273555688082908e-05,1.073555688082908,4.273555688082908e-05,2.651735143121958e-08
4.319281557515784e-05,1.23,4.319281557515784e-05,1.119281557515784,4.319281557515784e-05,3.188770112465977e-08
4.337938457839712e-05,1.23,4.337938457839712e-05,1.137938457839712,4.337938457839712e-05,2.651845223123294e-08
4.375252258487567e-05,1.23,4.375252258487567e-05,1.175252258487567,4.375252258487567e-05,3.188600670164531e-08
4.384225161506085e-05,1.23,4.384225161506085e-05,1.184225161506085,4.384225161506085e-05,2.653423167089732e-08
4.388711613015344e-05,1.23,4.388711613015344e-05,1.188711613015345,4.388711613015344e-05,3.185622392850398e-08
4.397684516033863e-05,1.23,4.397684516033863e-05,1.197684516033863,4.397684516033863e-05,2.641532821783204e-08
4.409295142174907e-05,1.23,4.409295142174907e-05,1.209295142174907,4.409295142174907e-05,-9.607341229455781e-08
4.412077474895686e-05,1.23,4.412077474895686e-05,1.212077474895687,4.412077474895686e-05,-1.700866344323999e-06
4.414904176395516e-05,1.23,4.414904176395516e-05,1.214904176395516,4.414904176395516e-05,-3.489193180221125e-06
4.415707428488244e-05,1.23,4.415707428488244e-05,1.215707428488244,4.415707428488244e-05,-2.468535295925273e-06
4.4173139326737e-05,1.23,4.4173139326737e-05,1.2173139326737,4.4173139326737e-05,8.677751006544116e-05
4.419720192082005e-05,1.23,4.419720192082005e-05,1.219720192082005,4.419720192082005e-05,0.01968354777920329
4.420216888483738e-05,1.23,4.420216888483738e-05,1.220216888483739,4.420216888483738e-05,0.04261110785088496
4.421210281287206e-05,1.23,4.421210281287206e-05,1.221210281287206,4.421210281287206e-05,0.1642762515479549
4.421353300797785e-05,1.23,4.421353300797785e-05,1.221353300797786,4.421353300797785e-05,0.2041249368705181
4.421639339818945e-05,1.23,4.421639339818945e-05,1.221639339818945,4.421639339818945e-05,0.3765155904262922
4.421705158594002e-05,1.23,4.421705158594002e-05,1.221705158594003,4.421705158594002e-05,0.4596330573392373
4.421750892610811e-05,1.23,4.421750892610811e-05,1.221750892610812,4.421750892610811e-05,0.5556901068203086
4.421781389698847e-05,1.23,4.421781389698847e-05,1.221781389698847,4.421781389698847e-05,0.6648586120878994
4.421809530045998e-05,1.23,4.421809530045998e-05,1.221809530045998,4.421809530045998e-05,0.8518787858077079
4.421838830796852e-05,1.23,4.421838830796852e-05,1.221838830796852,4.421838830796852e-05,1.163066379497684
4.421873382381697e-05,1.23,4.421873382381697e-05,1.221873382381697,4.421873382381697e-05,1.636597474294286
4.421906066825294e-05,1.23,4.421906066825294e-05,1.221906066825295,4.421906066825294e-05,2.093443131092108
4.421931925262572e-05,1.23,4.421931925262572e-05,1.221931925262572,4.421931925262572e-05,2.352718357967659
4.421953693789691e-05,1.23,4.421953693789691e-05,1.221953693789692,4.421953693789691e-05,2.485056619211754
4.42198827302924e-05,1.23,4.42198827302924e-05,1.22198827302924,4.42198827302924e-05,2.606913715420178
4.422014167021913e-05,1.23,4.422014167021913e-05,1.222014167021913,4.422014167021913e-05,2.673728873453246
4.422042151895419e-05,1.23,4.422042151895419e-05,1.22204215189542,4.422042151895419e-05,2.730647978386175
4.422092594175402e-05,1.23,4.422092594175402e-05,1.222092594175403,4.422092594175402e-05,2.819213863697467
4.422142645484754e-05,1.23,4.422142645484754e-05,1.222142645484754,4.422142645484754e-05,2.889211609381033
4.422242748103457e-05,1.23,4.422242748103457e-05,1.222242748103457,4.422242748103457e-05,3.007740446027761
4.422333506237536e-05,1.23,4.422333506237536e-05,1.222333506237536,4.422333506237536e-05,3.090771878103991
4.422515022505694e-05,1.23,4.422515022505694e-05,1.222515022505694,4.422515022505694e-05,3.219293504119291
4.422680543926968e-05,1.23,4.422680543926968e-05,1.222680543926968,4.422680543926968e-05,3.281014012209121
4.422907899831434e-05,1.23,4.422907899831434e-05,1.222907899831434,4.422907899831434e-05,3.299639690479274
4.423113724631097e-05,1.23,4.423113724631097e-05,1.223113724631098,4.423113724631097e-05,3.29865360786415
4.423320036776063e-05,1.23,4.423320036776063e-05,1.223320036776064,4.423320036776063e-05,3.3006178466269
4.42353360824556e-05,1.23,4.42353360824556e-05,1.22353360824556,4.42353360824556e-05,3.298848420670264
4.423806956645354e-05,1.23,4.423806956645354e-05,1.223806956645355,4.423806956645354e-05,3.300672394201048
4.424222113885025e-05,1.23,4.424222113885025e-05,1.224222113885025,4.424222113885025e-05,3.298897708638669
4.424757419386256e-05,1.23,4.424757419386256e-05,1.224757419386256,4.424757419386256e-05,3.300684448301687
4.425497746153799e-05,1.23,4.425497746153799e-05,1.2254977461538,4.425497746153799e-05,3.298917678580654
4.426521371144842e-05,1.23,4.426521371144842e-05,1.226521371144843,4.426521371144842e-05,3.300683787356728
4.427909225107034e-05,1.23,4.427909225107034e-05,1.227909225107035,4.427909225107034e-05,3.298929117033839
4.429580409705084e-05,1.23,4.429580409705084e-05,1.229580409705084,4.429580409705084e-05,3.30068073749315
4.430213208697201e-05,1.23,4.430213208697201e-05,1.230213208697201,4.430213208697201e-05,3.298938329277601
4.431478806681434e-05,1.23,4.431478806681434e-05,1.231478806681434,4.431478806681434e-05,3.300677498781933
4.432755645768928e-05,1.23,4.432755645768928e-05,1.232755645768929,4.432755645768928e-05,3.29894389050165
4.434406331109508e-05,1.23,4.434406331109508e-05,1.234406331109509,4.434406331109508e-05,3.300677197532567
4.434864568263242e-05,1.23,4.434864568263242e-05,1.234864568263242,4.434864568263242e-05,3.298948292637339
4.435093686840109e-05,1.23,4.435093686840109e-05,1.235093686840109,4.435093686840109e-05,3.300674311788993
4.435551923993843e-05,1.23,4.435551923993843e-05,1.235551923993844,4.435551923993843e-05,3.298953249631634
4.436203212327342e-05,1.23,4.436203212327342e-05,1.236203212327343,4.436203212327342e-05,3.300668027227581
4.436985314534748e-05,1.23,4.436985314534748e-05,1.236985314534748,4.436985314534748e-05,3.298956496442405
4.438165536710235e-05,1.23,4.438165536710235e-05,1.238165536710236,4.438165536710235e-05,3.300665944055915
4.439749166156357e-05,1.23,4.439749166156357e-05,1.239749166156357,4.439749166156357e-05,3.298958188872631
4.441914821500647e-05,1.23,4.441914821500647e-05,1.241914821500648,4.441914821500647e-05,3.300664750781539
4.444939616514704e-05,1.23,4.444939616514704e-05,1.244939616514705,4.444939616514704e-05,3.298959168426427
4.449076954462987e-05,1.23,4.449076954462987e-05,1.249076954462988,4.449076954462987e-05,3.300663988171923
4.454789223334684e-05,1.23,4.454789223334684e-05,1.254789223334685,4.454789223334684e-05,3.298959801471127
4.462639276496857e-05,1.23,4.462639276496857e-05,1.262639276496857,4.462639276496857e-05,3.30066346557372
4.473121459214085e-05,1.23,4.473121459214085e-05,1.273121459214086,4.473121459214085e-05,3.298960251044242
4.487255780170478e-05,1.23,4.487255780170478e-05,1.287255780170479,4.487255780170478e-05,3.300663095070707
4.506070461799593e-05,1.23,4.506070461799593e-05,1.306070461799594,4.506070461799593e-05,3.298960583123999
4.5267662775198e-05,1.23,4.5267662775198e-05,1.3267662775198,4.5267662775198e-05,3.300662880165667
4.554123844308312e-05,1.23,4.554123844308312e-05,1.354123844308312,4.554123844308312e-05,3.29896074736185
4.578030383665327e-05,1.23,4.578030383665327e-05,1.378030383665328,4.578030383665327e-05,3.300662811400155
4.600456139808199e-05,1.23,4.600456139808199e-05,1.400456139808199,4.600456139808199e-05,3.298960829948475
4.631271994234663e-05,1.23,4.631271994234663e-05,1.431271994234664,4.631271994234663e-05,3.300662633059024
4.676201651039969e-05,1.23,4.676201651039969e-05,1.476201651039969,4.676201651039969e-05,3.298961033326757
4.735716416299415e-05,1.23,4.735716416299415e-05,1.535716416299415,4.735716416299415e-05,3.300662339984781
4.818862687223789e-05,1.23,4.818862687223789e-05,1.618862687223789,4.818862687223789e-05,3.298961307733152
4.933772564147873e-05,1.23,4.933772564147873e-05,1.733772564147873,4.933772564147873e-05,3.30066205712372
5e-05,1.23,5e-05,1.8,5e-05,3.298962014612008
5.007504166666666e-05,1.23,5.007504166666666e-05,1.792495833333333,5.007504166666666e-05,3.299812008050738
5.0225125e-05,1.23,5.0225125e-05,1.7774875,5.0225125e-05,3.29981205340327
5.052112395015056e-05,1.23,5.052112395015056e-05,1.747887604984944,5.052112395015056e-05,3.299811892326285
5.095577004473341e-05,1.23,5.095577004473341e-05,1.704422995526659,5.095577004473341e-05,3.299812015920347
5.182506223389912e-05,1.23,5.182506223389912e-05,1.617493776610088,5.182506223389912e-05,3.299811892329394
5.356364661223053e-05,1.23,5.356364661223053e-05,1.443635338776946,5.356364661223053e-05,3.29981201591823
5.404568135928945e-05,1.23,5.404568135928945e-05,1.395431864071054,5.404568135928945e-05,3.299811892331016
5.44828756801004e-05,1.23,5.44828756801004e-05,1.35171243198996,5.44828756801004e-05,3.299812015913543
5.471739059238864e-05,1.23,5.471739059238864e-05,1.328260940761135,5.471739059238864e-05,3.299811892335834
5.493454397252113e-05,1.23,5.493454397252113e-05,1.306545602747887,5.493454397252113e-05,3.299812015903805
5.516136069866529e-05,1.23,5.516136069866529e-05,1.28386393013347,5.516136069866529e-05,3.299811892338611
5.543397308524989e-05,1.23,5.543397308524989e-05,1.25660269147501,5.543397308524989e-05,3.299812015887129
5.550535181525491e-05,1.23,5.550535181525491e-05,1.249464818474509,5.550535181525491e-05,3.299811892819457
5.554104118025741e-05,1.23,5.554104118025741e-05,1.245895881974259,5.554104118025741e-05,3.299812017573379
5.561241991026241e-05,1.23,5.561241991026241e-05,1.238758008973758,5.561241991026241e-05,3.299811903981207
5.563001742514091e-05,1.23,5.563001742514091e-05,1.236998257485909,5.563001742514091e-05,3.299812095593308
5.56652124548979e-05,1.23,5.56652124548979e-05,1.23347875451021,5.56652124548979e-05,3.299812201120011
5.567344017389862e-05,1.23,5.567344017389862e-05,1.232655982610138,5.567344017389862e-05,3.299813328752402
5.568895544050003e-05,1.23,5.568895544050003e-05,1.231104455949996,5.568895544050003e-05,3.29981296800363
5.570474526202946e-05,1.23,5.570474526202946e-05,1.229525473797053,5.570474526202946e-05,3.299815557886913
5.571869671250367e-05,1.23,5.571869671250367e-05,1.228130328749633,5.571869671250367e-05,3.299814758449381
5.573180711942146e-05,1.23,5.573180711942146e-05,1.226819288057853,5.573180711942146e-05,3.299816816810524
5.57467136679577e-05,1.23,5.57467136679577e-05,1.22532863320423,5.57467136679577e-05,3.299814439836663
5.576193251435038e-05,1.23,5.576193251435038e-05,1.223806748564961,5.576193251435038e-05,3.299810470936162
5.576643067314376e-05,1.23,5.576643067314376e-05,1.223356932685623,5.576643067314376e-05,3.299797561045883
5.576867975254045e-05,1.23,5.576867975254045e-05,1.223132024745954,5.576867975254045e-05,3.299767987489738
5.577317791133384e-05,1.23,5.577317791133384e-05,1.222682208866615,5.577317791133384e-05,3.299347670381978
5.577744652760806e-05,1.23,5.577744652760806e-05,1.222255347239193,5.577744652760806e-05,3.284738524652698
5.57814814314582e-05,1.23,5.57814814314582e-05,1.22185185685418,5.57814814314582e-05,3.13659833227519
5.578451654843388e-05,1.23,5.578451654843388e-05,1.221548345156611,5.578451654843388e-05,2.862941612018788
5.578525062140323e-05,1.23,5.578525062140323e-05,1.221474937859677,5.578525062140323e-05,2.740866691597615
5.578587509735731e-05,1.23,5.578587509735731e-05,1.221412490264269,5.578587509735731e-05,2.590675236756792
5.578624199030842e-05,1.23,5.578624199030842e-05,1.221375800969157,5.578624199030842e-05,2.462007220825292
5.57865304651303e-05,1.23,5.57865304651303e-05,1.221346953486969,5.57865304651303e-05,2.290895294139428
5.578687016554122e-05,1.23,5.578687016554122e-05,1.221312983445878,5.578687016554122e-05,1.964911195832693
5.578720327730243e-05,1.23,5.578720327730243e-05,1.221279672269756,5.578720327730243e-05,1.489382367935059
5.578745344287236e-05,1.23,5.578745344287236e-05,1.221254655712763,5.578745344287236e-05,1.078770696636009
5.578773469724319e-05,1.23,5.578773469724319e-05,1.22122653027568,5.578773469724319e-05,0.6888470139033479
5.578793550282719e-05,1.23,5.578793550282719e-05,1.22120644971728,5.578793550282719e-05,0.5555550539856574
5.578811408845842e-05,1.23,5.578811408845842e-05,1.221188591154157,5.578811408845842e-05,0.4929875473303655
5.578831227284533e-05,1.23,5.578831227284533e-05,1.221168772715466,5.578831227284533e-05,0.4447590432831897
5.578851591517572e-05,1.23,5.578851591517572e-05,1.221148408482427,5.578851591517572e-05,0.4069801993948272
5.578883618847108e-05,1.23,5.578883618847108e-05,1.221116381152891,5.578883618847108e-05,0.3592576875815733
5.578926180432271e-05,1.23,5.578926180432271e-05,1.221073819567728,5.578926180432271e-05,0.3104980276906416
5.57899459191622e-05,1.23,5.57899459191622e-05,1.221005408083779,5.57899459191622e-05,0.251895673470181
5.579077166494464e-05,1.23,5.579077166494464e-05,1.220922833505536,5.579077166494464e-05,0.2032076535743134
5.579199600161561e-05,1.23,5.579199600161561e-05,1.220800399838438,5.579199600161561e-05,0.1548898533287001
5.579338021884443e-05,1.23,5.579338021884443e-05,1.220661978115556,5.579338021884443e-05,0.1203519259551648
5.579528375644833e-05,1.23,5.579528375644833e-05,1.220471624355166,5.579528375644833e-05,0.08966031871313954
5.579759993257014e-05,1.23,5.579759993257014e-05,1.220240006742986,5.579759993257014e-05,0.06482977783425486
5.580043543568861e-05,1.23,5.580043543568861e-05,1.219956456431138,5.580043543568861e-05,0.04435137198805016
5.58041922862934e-05,1.23,5.58041922862934e-05,1.219580771370659,5.58041922862934e-05,0.02675748209025385
5.580557084903696e-05,1.23,5.580557084903696e-05,1.219442915096304,5.580557084903696e-05,0.02257939837334758
5.580832797452406e-05,1.23,5.580832797452406e-05,1.219167202547593,5.580832797452406e-05,0.01620466601881896
5.580944247237383e-05,1.23,5.580944247237383e-05,1.219055752762616,5.580944247237383e-05,0.01388991245581783
5.581167146807337e-05,1.23,5.581167146807337e-05,1.218832853192663,5.581167146807337e-05,0.00841423836131403
5.581238266051294e-05,1.23,5.581238266051294e-05,1.218761733948705,5.581238266051294e-05,0.007094663880178695
5.581380504539209e-05,1.23,5.581380504539209e-05,1.21861949546079,5.581380504539209e-05,0.005189597699074059
5.581656127488237e-05,1.23,5.581656127488237e-05,1.218343872511762,5.581656127488237e-05,0.002768255744134151
5.58194190973992e-05,1.23,5.58194190973992e-05,1.21805809026008,5.58194190973992e-05,0.00136955703737629
5.582513474243284e-05,1.23,5.582513474243284e-05,1.217486525756716,5.582513474243284e-05,0.0003536331562738162
5.583359975560989e-05,1.23,5.583359975560989e-05,1.21664002443901,5.583359975560989e-05,3.368107656025595e-05
5.585052978196401e-05,1.23,5.585052978196401e-05,1.214947021803599,5.585052978196401e-05,2.309618460787376e-05
5.586999071203004e-05,1.23,5.586999071203004e-05,1.213000928796995,5.586999071203004e-05,-1.384940321398884e-05
5.589410101507189e-05,1.23,5.589410101507189e-05,1.210589898492811,5.589410101507189e-05,1.745406766688674e-05
5.592191666273247e-05,1.23,5.592191666273247e-05,1.207808333726752,5.592191666273247e-05,-1.645157525306279e-05
5.594806595137179e-05,1.23,5.594806595137179e-05,1.20519340486282,5.594806595137179e-05,1.665702769804706e-05
5.597847040920178e-05,1.23,5.597847040920178e-05,1.202152959079822,5.597847040920178e-05,-1.657201767084007e-05
5.602156710901605e-05,1.23,5.602156710901605e-05,1.197843289098395,5.602156710901605e-05,1.659982713961045e-05
5.610776050864459e-05,1.23,5.610776050864459e-05,1.18922394913554,5.610776050864459e-05,-1.655816065757871e-05
5.62224039791132e-05,1.23,5.62224039791132e-05,1.177759602088679,5.62224039791132e-05,1.658687844328522e-05
5.633654278197711e-05,1.23,5.633654278197711e-05,1.166345721802289,5.633654278197711e-05,-1.654932291257005e-05
5.645275829940691e-05,1.23,5.645275829940691e-05,1.154724170059308,5.645275829940691e-05,1.657807771797847e-05
5.659303966220593e-05,1.23,5.659303966220593e-05,1.140696033779407,5.659303966220593e-05,-1.654137733680762e-05
5.680211370215589e-05,1.23,5.680211370215589e-05,1.119788629784411,5.680211370215589e-05,1.65720689063323e-05
5.708715956774029e-05,1.23,5.708715956774029e-05,1.09128404322597,5.708715956774029e-05,-1.653720089852271e-05
5.747596720803093e-05,1.23,5.747596720803093e-05,1.052403279196906,5.747596720803093e-05,1.65690083744202e-05
5.800656565105698e-05,1.23,5.800656565105698e-05,0.9993434348943016,5.800656565105698e-05,-1.653495948337153e-05
5.872738525489439e-05,1.23,5.872738525489439e-05,0.9272614745105601,5.872738525489439e-05,1.656736253953639e-05
5.972461565631471e-05,1.23,5.972461565631471e-05,0.8275384343685283,5.972461565631471e-05,-1.653375962145027e-05
5.999999999999999e-05,1.23,5.999999999999999e-05,0.8,5.999999999999999e-05,1.656503330578088e-05
6.007504166666666e-05,1.23,6.007504166666666e-05,0.8075041666666667,6.007504166666666e-05,1.822177876312513e-08
6.019185033678398e-05,1.23,6.019185033678398e-05,0.8191850336783983,6.019185033678398e-05,1.487399828173033e-08
6.037837791194737e-05,1.23,6.037837791194737e-05,0.8378377911947378,6.037837791194737e-05,1.821578687260866e-08
6.075143306227416e-05,1.23,6.075143306227416e-05,0.8751433062274165,6.075143306227416e-05,1.487653137034226e-08
6.149754336292774e-05,1.23,6.149754336292774e-05,0.9497543362927748,6.149754336292774e-05,1.821290970928069e-08
6.298976396423491e-05,1.23,6.298976396423491e-05,1.098976396423491,6.298976396423491e-05,1.487572845550574e-08
6.337430236572205e-05,1.23,6.337430236572205e-05,1.137430236572206,6.337430236572205e-05,1.82106905353253e-08
6.356657156646563e-05,1.23,6.356657156646563e-05,1.156657156646564,6.356657156646563e-05,1.487914886360047e-08
6.379689539288753e-05,1.23,6.379689539288753e-05,1.179689539288754,6.379689539288753e-05,1.820626671125945e-08
6.386571426855158e-05,1.23,6.386571426855158e-05,1.186571426855159,6.386571426855158e-05,1.490385109990565e-08
6.390012370638361e-05,1.23,6.390012370638361e-05,1.190012370638361,6.390012370638361e-05,1.814034680992605e-08
6.396894258204765e-05,1.23,6.396894258204765e-05,1.196894258204765,6.396894258204765e-05,1.482386406935413e-08
6.408691047113778e-05,1.23,6.408691047113778e-05,1.208691047113779,6.408691047113778e-05,-6.049778199656018e-08
6.411471851384631e-05,1.23,6.411471851384631e-05,1.211471851384632,6.411471851384631e-05,-1.258429201953947e-06
6.412862253520057e-05,1.23,6.412862253520057e-05,1.212862253520058,6.412862253520057e-05,-2.24487068772312e-06
6.41564305779091e-05,1.23,6.41564305779091e-05,1.215643057790911,6.41564305779091e-05,-2.437995210571823e-06
6.41839164095842e-05,1.23,6.41839164095842e-05,1.21839164095842,6.41839164095842e-05,0.001275147987571726
6.419751385513487e-05,1.23,6.419751385513487e-05,1.219751385513488,6.419751385513487e-05,0.02108421944459447
6.420214426326177e-05,1.23,6.420214426326177e-05,1.220214426326178,6.420214426326177e-05,0.04258700425633421
6.421140507951557e-05,1.23,6.421140507951557e-05,1.221140507951558,6.421140507951557e-05,0.1476103940255536
6.421348818148429e-05,1.23,6.421348818148429e-05,1.22134881814843,6.421348818148429e-05,0.202131717276814
6.42155086440597e-05,1.23,6.42155086440597e-05,1.22155086440597,6.42155086440597e-05,0.3015524387611351
6.421620988714393e-05,1.23,6.421620988714393e-05,1.221620988714394,6.421620988714393e-05,0.3576020451513868
6.421761237331239e-05,1.23,6.421761237331239e-05,1.22176123733124,6.421761237331239e-05,0.5902549286899241
6.421797362834796e-05,1.23,6.421797362834796e-05,1.221797362834797,6.421797362834796e-05,0.7643914159184784
6.421830183334933e-05,1.23,6.421830183334933e-05,1.221830183334934,6.421830183334933e-05,1.066177864859431
6.421863332296512e-05,1.23,6.421863332296512e-05,1.221863332296512,6.421863332296512e-05,1.503052433424109
6.421881873924543e-05,1.23,6.421881873924543e-05,1.221881873924543,6.421881873924543e-05,1.76921727076204
6.421907982249126e-05,1.23,6.421907982249126e-05,1.221907982249126,6.421907982249126e-05,2.12259128717284
6.421932644635055e-05,1.23,6.421932644635055e-05,1.221932644635055,6.421932644635055e-05,2.36194283051673
6.421953918797324e-05,1.23,6.421953918797324e-05,1.221953918797325,6.421953918797324e-05,2.48784584327895
6.421977360298911e-05,1.23,6.421977360298911e-05,1.221977360298912,6.421977360298911e-05,2.577002718655422
6.422002372640869e-05,1.23,6.422002372640869e-05,1.222002372640869,6.422002372640869e-05,2.646278382246867
6.422030089820255e-05,1.23,6.422030089820255e-05,1.222030089820255,6.422030089820255e-05,2.708078832289343
6.422067987780407e-05,1.23,6.422067987780407e-05,1.222067987780408,6.422067987780407e-05,2.77875176959797
6.422121532334945e-05,1.23,6.422121532334945e-05,1.222121532334945,6.422121532334945e-05,2.861440362130966
6.422198703716323e-05,1.23,6.422198703716323e-05,1.222198703716324,6.422198703716323e-05,2.95917320550771
6.422297655837763e-05,1.23,6.422297655837763e-05,1.222297655837764,6.422297655837763e-05,3.060133555973003
6.422433387860217e-05,1.23,6.422433387860217e-05,1.222433387860218,6.422433387860217e-05,3.168455396949906
6.422609760401834e-05,1.23,6.422609760401834e-05,1.222609760401834,6.422609760401834e-05,3.261547437527557
6.422833420367183e-05,1.23,6.422833420367183e-05,1.222833420367183,6.422833420367183e-05,3.297377047317403
6.423039487945471e-05,1.23,6.423039487945471e-05,1.223039487945472,6.423039487945471e-05,3.299326863231564
6.423243218611222e-05,1.23,6.423243218611222e-05,1.223243218611223,6.423243218611222e-05,3.29978902631004
6.423462392017777e-05,1.23,6.423462392017777e-05,1.223462392017777,6.423462392017777e-05,3.299631943418999
6.423701908964396e-05,1.23,6.423701908964396e-05,1.223701908964396,6.423701908964396e-05,3.299881543573957
6.424070686441275e-05,1.23,6.424070686441275e-05,1.224070686441276,6.424070686441275e-05,3.299673865412298
6.424620187019615e-05,1.23,6.424620187019615e-05,1.224620187019615,6.424620187019615e-05,3.299907679555783
6.42540787129186e-05,1.23,6.42540787129186e-05,1.225407871291861,6.42540787129186e-05,3.29968873238732
6.426522838306167e-05,1.23,6.426522838306167e-05,1.226522838306168,6.426522838306167e-05,3.299916281159314
6.428129354442129e-05,1.23,6.428129354442129e-05,1.22812935444213,6.428129354442129e-05,3.299694211704318
6.429825927155691e-05,1.23,6.429825927155691e-05,1.229825927155692,6.429825927155691e-05,3.299919628533075
6.430469593985559e-05,1.23,6.430469593985559e-05,1.230469593985559,6.430469593985559e-05,3.299697295948203
6.431756927645294e-05,1.23,6.431756927645294e-05,1.231756927645294,6.431756927645294e-05,3.299921175623374
6.433047491886449e-05,1.23,6.433047491886449e-05,1.23304749188645,6.433047491886449e-05,3.299699787500043
6.433415210780828e-05,1.23,6.433415210780828e-05,1.233415210780829,6.433415210780828e-05,3.299922006909915
6.433599070228017e-05,1.23,6.433599070228017e-05,1.233599070228018,6.433599070228017e-05,3.299700699140958
6.433966789122394e-05,1.23,6.433966789122394e-05,1.233966789122395,6.433966789122394e-05,3.299922129323557
6.43444936355807e-05,1.23,6.43444936355807e-05,1.234449363558071,6.43444936355807e-05,3.299701054629663
6.43462729953879e-05,1.23,6.43462729953879e-05,1.234627299538791,6.43462729953879e-05,3.29992154774727
6.434983171500231e-05,1.23,6.434983171500231e-05,1.234983171500231,6.434983171500231e-05,3.299701888047466
6.435694915423111e-05,1.23,6.435694915423111e-05,1.235694915423112,6.435694915423111e-05,3.299921384702249
6.436775922155691e-05,1.23,6.436775922155691e-05,1.236775922155692,6.436775922155691e-05,3.299702285703299
6.438313819230203e-05,1.23,6.438313819230203e-05,1.238313819230203,6.438313819230203e-05,3.29992210182695
6.440304298276321e-05,1.23,6.440304298276321e-05,1.240304298276321,6.440304298276321e-05,3.299702472828434
6.442807597063199e-05,1.23,6.442807597063199e-05,1.2428075970632,6.442807597063199e-05,3.299921368722372
6.446222493188918e-05,1.23,6.446222493188918e-05,1.246222493188918,6.446222493188918e-05,3.299702555713929
6.450979372314189e-05,1.23,6.450979372314189e-05,1.250979372314189,6.450979372314189e-05,3.299921334233343
6.457395963295232e-05,1.23,6.457395963295232e-05,1.257395963295233,6.457395963295232e-05,3.299702587615075
6.466121447576196e-05,1.23,6.466121447576196e-05,1.266121447576197,6.466121447576196e-05,3.2999213130258
6.477802307506316e-05,1.23,6.477802307506316e-05,1.277802307506317,6.477802307506316e-05,3.299702604111264
6.493495079547569e-05,1.23,6.493495079547569e-05,1.293495079547569,6.493495079547569e-05,3.299921300981716
6.514325722189939e-05,1.23,6.514325722189939e-05,1.31432572218994,6.514325722189939e-05,3.299702613215086
6.535905046168481e-05,1.23,6.535905046168481e-05,1.335905046168481,6.535905046168481e-05,3.29992129332661
6.544730353386765e-05,1.23,6.544730353386765e-05,1.344730353386765,6.544730353386765e-05,3.299702626183587
6.562380967823333e-05,1.23,6.562380967823333e-05,1.362380967823334,6.562380967823333e-05,3.299921279523222
6.585379405932584e-05,1.23,6.585379405932584e-05,1.385379405932585,6.585379405932584e-05,3.299702634316736
6.610553698861657e-05,1.23,6.610553698861657e-05,1.410553698861658,6.610553698861657e-05,3.299921272766388
6.650784334708697e-05,1.23,6.650784334708697e-05,1.450784334708697,6.650784334708697e-05,3.299702639558958
6.705845602751219e-05,1.23,6.705845602751219e-05,1.505845602751219,6.705845602751219e-05,3.299921878713716
6.777552573101091e-05,1.23,6.777552573101091e-05,1.577552573101092,6.777552573101091e-05,3.299702793772273
6.896664949342893e-05,1.23,6.896664949342893e-05,1.696664949342894,6.896664949342893e-05,3.299921373633606
6.999999999999999e-05,1.23,6.999999999999999e-05,1.8,6.999999999999999e-05,3.299702794524316
7.007504166666665e-05,1.23,7.007504166666665e-05,1.792495833333334,7.007504166666665e-05,3.299812082552106
7.022512499999997e-05,1.23,7.022512499999997e-05,1.777487500000002,7.022512499999997e-05,3.299812085218942
7.052529166666661e-05,1.23,7.052529166666661e-05,1.747470833333338,7.052529166666661e-05,3.299812082552106
7.11256249999999e-05,1.23,7.11256249999999e-05,1.68743750000001,7.11256249999999e-05,3.299812085219523
7.232629166666646e-05,1.23,7.232629166666646e-05,1.567370833333354,7.232629166666646e-05,3.299812082553392
7.432629166666645e-05,1.23,7.432629166666645e-05,1.367370833333354,7.432629166666645e-05,3.299812085222068
7.471095088333458e-05,1.23,7.471095088333458e-05,1.328904911666542,7.471095088333458e-05,3.299812082567061
7.489316709643084e-05,1.23,7.489316709643084e-05,1.310683290356915,7.489316709643084e-05,3.299812085250225
7.522097519332934e-05,1.23,7.522097519332934e-05,1.277902480667065,7.522097519332934e-05,3.299812082693054
7.546224734007292e-05,1.23,7.546224734007292e-05,1.253775265992707,7.546224734007292e-05,3.299812086543651
7.552447038396701e-05,1.23,7.552447038396701e-05,1.247552961603298,7.552447038396701e-05,3.299812087014878
7.555558190591406e-05,1.23,7.555558190591406e-05,1.244441809408594,7.555558190591406e-05,3.299812094569511
7.561780494980815e-05,1.23,7.561780494980815e-05,1.238219505019185,7.561780494980815e-05,3.299812146705177
7.5634614350224e-05,1.23,7.5634614350224e-05,1.236538564977599,7.5634614350224e-05,3.299812261828754
7.566823315105571e-05,1.23,7.566823315105571e-05,1.233176684894429,7.566823315105571e-05,3.299812404389081
7.569370382862508e-05,1.23,7.569370382862508e-05,1.230629617137491,7.569370382862508e-05,3.299813982175802
7.571406658699754e-05,1.23,7.571406658699754e-05,1.228593341300245,7.571406658699754e-05,3.299815405305787
7.572145515210612e-05,1.23,7.572145515210612e-05,1.227854484789387,7.572145515210612e-05,3.299815636172205
7.57359431133559e-05,1.23,7.57359431133559e-05,1.226405688664409,7.57359431133559e-05,3.299816013281716
7.574978275437928e-05,1.23,7.574978275437928e-05,1.225021724562071,7.574978275437928e-05,3.299814775839746
7.575479454936809e-05,1.23,7.575479454936809e-05,1.22452054506319,7.575479454936809e-05,3.299815823428071
7.576481813934571e-05,1.23,7.576481813934571e-05,1.223518186065428,7.576481813934571e-05,3.299802661613902
7.576911182877485e-05,1.23,7.576911182877485e-05,1.223088817122514,7.576911182877485e-05,3.299768266514125
7.577125867348942e-05,1.23,7.577125867348942e-05,1.222874132651057,7.577125867348942e-05,3.299673964178577
7.577555236291857e-05,1.23,7.577555236291857e-05,1.222444763708142,7.577555236291857e-05,3.296781195372243
7.577931404054247e-05,1.23,7.577931404054247e-05,1.222068595945753,7.577931404054247e-05,3.241345089699389
7.578276902697733e-05,1.23,7.578276902697733e-05,1.221723097302267,7.578276902697733e-05,3.046412227724745
7.578559800876074e-05,1.23,7.578559800876074e-05,1.221440199123926,7.578559800876074e-05,2.66945470355261
7.578617582461234e-05,1.23,7.578617582461234e-05,1.221382417538766,7.578617582461234e-05,2.489078201165349
7.578652772984128e-05,1.23,7.578652772984128e-05,1.221347227015871,7.578652772984128e-05,2.300970210267721
7.578680308933782e-05,1.23,7.578680308933782e-05,1.221319691066217,7.578680308933782e-05,2.046765378543157
7.578709593568661e-05,1.23,7.578709593568661e-05,1.221290406431338,7.578709593568661e-05,1.666541276851895
7.578734562881292e-05,1.23,7.578734562881292e-05,1.221265437118707,7.578734562881292e-05,1.264919891819384
7.578751874607749e-05,1.23,7.578751874607749e-05,1.22124812539225,7.578751874607749e-05,0.9809147477736174
7.578774410607036e-05,1.23,7.578774410607036e-05,1.221225589392963,7.578774410607036e-05,0.6825343330077513
7.578792485182593e-05,1.23,7.578792485182593e-05,1.221207514817407,7.578792485182593e-05,0.5623155365581514
7.578810184521646e-05,1.23,7.578810184521646e-05,1.221189815478353,7.578810184521646e-05,0.4975014126890897
7.578828228262397e-05,1.23,7.578828228262397e-05,1.221171771737603,7.578828228262397e-05,0.45192697193619
7.578848426509822e-05,1.23,7.578848426509822e-05,1.221151573490177,7.578848426509822e-05,0.4128904267637578
7.578878516333122e-05,1.23,7.578878516333122e-05,1.221121483666878,7.578878516333122e-05,0.366591879601299
7.578919843155981e-05,1.23,7.578919843155981e-05,1.221080156844018,7.578919843155981e-05,0.3172204950614759
7.578982046029371e-05,1.23,7.578982046029371e-05,1.221017953970628,7.578982046029371e-05,0.2614522473649873
7.579063811585088e-05,1.23,7.579063811585088e-05,1.220936188414911,7.579063811585088e-05,0.209937584149402
7.579176440388511e-05,1.23,7.579176440388511e-05,1.220823559611488,7.579176440388511e-05,0.1623180601964155
7.579313778005556e-05,1.23,7.579313778005556e-05,1.220686221994443,7.579313778005556e-05,0.1255205529598713
7.579494373340574e-05,1.23,7.579494373340574e-05,1.220505626659425,7.579494373340574e-05,0.09419893270137504
7.579713970531382e-05,1.23,7.579713970531382e-05,1.220286029468617,7.579713970531382e-05,0.06908391965953486
7.579990314977971e-05,1.23,7.579990314977971e-05,1.220009685022029,7.579990314977971e-05,0.0476012173033856
7.580342702836641e-05,1.23,7.580342702836641e-05,1.219657297163359,7.580342702836641e-05,0.02965875213401542
7.580856526099162e-05,1.23,7.580856526099162e-05,1.219143473900837,7.580856526099162e-05,0.01627424981300398
7.580961178253943e-05,1.23,7.580961178253943e-05,1.219038821746056,7.580961178253943e-05,0.01415075835780713
7.581170482563504e-05,1.23,7.581170482563504e-05,1.218829517436495,7.581170482563504e-05,0.008735399863029354
7.581230050373534e-05,1.23,7.581230050373534e-05,1.218769949626465,7.581230050373534e-05,0.007444838429362976
7.581349185993593e-05,1.23,7.581349185993593e-05,1.218650814006406,7.581349185993593e-05,0.005679451872544143
7.58157794764145e-05,1.23,7.58157794764145e-05,1.218422052358549,7.58157794764145e-05,0.003318635151040926
7.581829426558262e-05,1.23,7.581829426558262e-05,1.218170573441738,7.581829426558262e-05,0.001831957068076368
7.582332384391884e-05,1.23,7.582332384391884e-05,1.217667615608115,7.582332384391884e-05,0.0005200681491767955
7.583056788816206e-05,1.23,7.583056788816206e-05,1.216943211183794,7.583056788816206e-05,0.0001013724966523603
7.584394589698437e-05,1.23,7.584394589698437e-05,1.215605410301563,7.584394589698437e-05,4.56028493183503e-06
7.586242323074791e-05,1.23,7.586242323074791e-05,1.213757676925209,7.586242323074791e-05,9.941842212118812e-06
7.58846575786455e-05,1.23,7.58846575786455e-05,1.211534242135449,7.58846575786455e-05,-4.77569494614378e-06
7.59122518700796e-05,1.23,7.59122518700796e-05,1.208774812992039,7.59122518700796e-05,6.436151716288941e-06
7.593874854326111e-05,1.23,7.593874854326111e-05,1.206125145673888,7.593874854326111e-05,-6.06988473517754e-06
7.596665065237056e-05,1.23,7.596665065237056e-05,1.203334934762943,7.596665065237056e-05,6.174863023473078e-06
7.600400323278375e-05,1.23,7.600400323278375e-05,1.199599676721624,7.600400323278375e-05,-6.136363623310519e-06
7.607047288194559e-05,1.23,7.607047288194559e-05,1.19295271180544,7.607047288194559e-05,6.173807034010051e-06
7.617732698592437e-05,1.23,7.617732698592437e-05,1.182267301407563,7.617732698592437e-05,-6.14159708024586e-06
7.629158631123237e-05,1.23,7.629158631123237e-05,1.170841368876762,7.629158631123237e-05,6.176963816479252e-06
7.640607099826574e-05,1.23,7.640607099826574e-05,1.159392900173426,7.640607099826574e-05,-6.144692959517983e-06
7.653244051306531e-05,1.23,7.653244051306531e-05,1.146755948693469,7.653244051306531e-05,6.179890096012055e-06
7.671109834774274e-05,1.23,7.671109834774274e-05,1.128890165225725,7.671109834774274e-05,-6.147065051709717e-06
7.69632381957655e-05,1.23,7.69632381957655e-05,1.10367618042345,7.69632381957655e-05,6.181565339213519e-06
7.730728090651091e-05,1.23,7.730728090651091e-05,1.069271909348908,7.730728090651091e-05,-6.148267550918899e-06
7.777710002016744e-05,1.23,7.777710002016744e-05,1.022289997983255,7.777710002016744e-05,6.182445530578146e-06
7.841502644617096e-05,1.23,7.841502644617096e-05,0.9584973553829029,7.841502644617096e-05,-6.148913238759852e-06
7.928649873724883e-05,1.23,7.928649873724883e-05,0.8713501262751161,7.928649873724883e-05,6.182919654307263e-06
7.999999999999999e-05,1.23,7.999999999999999e-05,0.8,7.999999999999999e-05,-6.149358098018386e-06
8.000833585858585e-05,1.23,8.000833585858585e-05,0.8008335858585861,8.000833585858585e-05,2.081299758048386e-08
8.002500757575757e-05,1.23,8.002500757575757e-05,0.8025007575757581,8.002500757575757e-05,1.301622302537944e-08
8.005835101010102e-05,1.23,8.005835101010102e-05,0.8058351010101023,8.005835101010102e-05,2.06932037014683e-08
8.01250378787879e-05,1.23,8.01250378787879e-05,0.8125037878787905,8.01250378787879e-05,1.295437917820372e-08
8.025841161616166e-05,1.23,8.025841161616166e-05,0.8258411616161671,8.025841161616166e-05,2.09536418811429e-08
8.052515909090919e-05,1.23,8.052515909090919e-05,0.8525159090909201,8.052515909090919e-05,1.291893652738958e-08
8.06438693181819e-05,1.23,8.06438693181819e-05,0.8643869318181907,8.06438693181819e-05,2.087949809592951e-08
8.082193465909095e-05,1.23,8.082193465909095e-05,0.8821934659090953,8.082193465909095e-05,1.294668416092921e-08
8.099999999999999e-05,1.23,8.099999999999999e-05,0.8999999999999998,8.099999999999999e-05,2.085252358303294e-08
8.100833585858585e-05,1.23,8.100833585858585e-05,0.9008335858585859,8.100833585858585e-05,1.741147534801296e-08
8.102500757575757e-05,1.23,8.102500757575757e-05,0.9025007575757579,8.102500757575757e-05,1.639507466177691e-08
8.105835101010101e-05,1.23,8.105835101010101e-05,0.905835101010102,8.105835101010101e-05,1.740996965612179e-08
8.11250378787879e-05,1.23,8.11250378787879e-05,0.9125037878787903,8.11250378787879e-05,1.639583165508424e-08
8.125841161616166e-05,1.23,8.125841161616166e-05,0.9258411616161668,8.125841161616166e-05,1.740958369104883e-08
8.152515909090919e-05,1.23,8.152515909090919e-05,0.9525159090909199,8.152515909090919e-05,1.639601836146528e-08
8.205865404040425e-05,1.23,8.205865404040425e-05,1.005865404040426,8.205865404040425e-05,1.740947869264964e-08
8.312564393939438e-05,1.23,8.312564393939438e-05,1.112564393939438,8.312564393939438e-05,1.639605334786915e-08
8.339776678403996e-05,1.23,8.339776678403996e-05,1.139776678403997,8.339776678403996e-05,1.740939009881386e-08
8.353382820636276e-05,1.23,8.353382820636276e-05,1.153382820636277,8.353382820636276e-05,1.639629953995684e-08
8.380595105100835e-05,1.23,8.380595105100835e-05,1.180595105100835,8.380595105100835e-05,1.740941555424864e-08
8.387232064696273e-05,1.23,8.387232064696273e-05,1.187232064696274,8.387232064696273e-05,1.640044644750539e-08
8.400505983887149e-05,1.23,8.400505983887149e-05,1.20050598388715,8.400505983887149e-05,1.74027132530535e-08
8.403536141076022e-05,1.23,8.403536141076022e-05,1.203536141076023,8.403536141076022e-05,1.638747350913984e-08
8.405051219670459e-05,1.23,8.405051219670459e-05,1.20505121967046,8.405051219670459e-05,1.736884728939974e-08
8.408081376859332e-05,1.23,8.408081376859332e-05,1.208081376859333,8.408081376859332e-05,1.641787806104296e-08
8.414141691237078e-05,1.23,8.414141691237078e-05,1.214141691237078,8.414141691237078e-05,1.736631505542935e-08
8.416378770538421e-05,1.23,8.416378770538421e-05,1.216378770538422,8.416378770538421e-05,1.643564112070515e-08
8.420852929141108e-05,1.23,8.420852929141108e-05,1.220852929141109,8.420852929141108e-05,1.733783532751114e-08
8.424438669259852e-05,1.23,8.424438669259852e-05,1.224438669259853,8.424438669259852e-05,1.64330436942139e-08
8.42674421462591e-05,1.23,8.42674421462591e-05,1.22674421462591,8.42674421462591e-05,1.723104698141965e-08
8.428704791721849e-05,1.23,8.428704791721849e-05,1.22870479172185,8.428704791721849e-05,1.626458922961769e-08
8.430580352103598e-05,1.23,8.430580352103598e-05,1.230580352103599,8.430580352103598e-05,1.744132870856517e-08
8.431084474931332e-05,1.23,8.431084474931332e-05,1.231084474931333,8.431084474931332e-05,1.67943762889788e-08
8.4320927205868e-05,1.23,8.4320927205868e-05,1.232092720586801,8.4320927205868e-05,1.712967761966081e-08
8.433431259069548e-05,1.23,8.433431259069548e-05,1.233431259069549,8.433431259069548e-05,1.700663208465129e-08
8.43388270116834e-05,1.23,8.43388270116834e-05,1.23388270116834,8.43388270116834e-05,1.675148405564278e-08
8.434785585365922e-05,1.23,8.434785585365922e-05,1.234785585365923,8.434785585365922e-05,1.760077158110223e-08
8.435237027464713e-05,1.23,8.435237027464713e-05,1.235237027464714,8.435237027464713e-05,1.626232399507411e-08
8.436139911662296e-05,1.23,8.436139911662296e-05,1.236139911662297,8.436139911662296e-05,1.775277164598051e-08
8.437349521386473e-05,1.23,8.437349521386473e-05,1.237349521386474,8.437349521386473e-05,1.605800824370151e-08
8.439316004056372e-05,1.23,8.439316004056372e-05,1.239316004056373,8.439316004056372e-05,1.781848676553893e-08
8.441822410740039e-05,1.23,8.441822410740039e-05,1.24182241074004,8.441822410740039e-05,1.596892339952924e-08
8.445444302500705e-05,1.23,8.445444302500705e-05,1.245444302500706,8.445444302500705e-05,1.786221055954822e-08
8.450474554275347e-05,1.23,8.450474554275347e-05,1.250474554275348,8.450474554275347e-05,1.592794897609804e-08
8.457842853889641e-05,1.23,8.457842853889641e-05,1.257842853889642,8.457842853889641e-05,1.788609102601738e-08
8.468210770301889e-05,1.23,8.468210770301889e-05,1.26821077030189,8.468210770301889e-05,1.59087710205178e-08
8.483229444347874e-05,1.23,8.483229444347874e-05,1.283229444347875,8.483229444347874e-05,1.789833513051096e-08
8.504592878753978e-05,1.23,8.504592878753978e-05,1.304592878753979,8.504592878753978e-05,1.589961741349981e-08
8.53531863850235e-05,1.23,8.53531863850235e-05,1.335318638502351,8.53531863850235e-05,1.790443225646883e-08
8.579231400380613e-05,1.23,8.579231400380613e-05,1.379231400380614,8.579231400380613e-05,1.589520708963023e-08
8.642644586869448e-05,1.23,8.642644586869448e-05,1.442644586869449,8.642644586869448e-05,1.790741497874287e-08
8.734357032842046e-05,1.23,8.734357032842046e-05,1.534357032842046,8.734357032842046e-05,1.589310694538217e-08
8.871580784431367e-05,1.23,8.871580784431367e-05,1.671580784431367,8.871580784431367e-05,1.790882848614582e-08
8.999999999999999e-05,1.23,8.999999999999999e-05,1.8,8.999999999999999e-05,1.589192482866919e-08
9.007504166666665e-05,1.23,9.007504166666665e-05,1.792495833333334,9.007504166666665e-05,1.690414235205291e-08
9.022512499999997e-05,1.23,9.022512499999997e-05,1.777487500000002,9.022512499999997e-05,1.689717177062614e-08
9.052529166666661e-05,1.23,9.052529166666661e-05,1.747470833333338,9.052529166666661e-05,1.690414787746742e-08
9.112562499999989e-05,1.23,9.112562499999989e-05,1.68743750000001,9.112562499999989e-05,1.689713784466621e-08
9.232629166666646e-05,1.23,9.232629166666646e-05,1.567370833333354,9.232629166666646e-05,1.690414465537396e-08
9.412383129062494e-05,1.23,9.412383129062494e-05,1.387616870937505,9.412383129062494e-05,1.689712456017664e-08
9.462383129062494e-05,1.23,9.462383129062494e-05,1.337616870937505,9.462383129062494e-05,1.690415177727497e-08
9.487383129062494e-05,1.23,9.487383129062494e-05,1.312616870937505,9.487383129062494e-05,1.68970735528007e-08
9.537383129062496e-05,1.23,9.537383129062496e-05,1.262616870937504,9.537383129062496e-05,1.690417710757651e-08
9.542281533158965e-05,1.23,9.542281533158965e-05,1.257718466841035,9.542281533158965e-05,1.689544514016104e-08
9.552078341351903e-05,1.23,9.552078341351903e-05,1.247921658648096,9.552078341351903e-05,1.690646242349307e-08
9.555402498954719e-05,1.23,9.555402498954719e-05,1.24459750104528,9.555402498954719e-05,1.688711829662912e-08
9.562050814160351e-05,1.23,9.562050814160351e-05,1.237949185839648,9.562050814160351e-05,1.691614215999051e-08
9.565374971763167e-05,1.23,9.565374971763167e-05,1.234625028236832,9.565374971763167e-05,1.683164087347524e-08
9.567314513970874e-05,1.23,9.567314513970874e-05,1.232685486029125,9.567314513970874e-05,1.688049483744115e-08
9.568473884606029e-05,1.23,9.568473884606029e-05,1.23152611539397,9.568473884606029e-05,1.562968091921419e-08
9.569566075590761e-05,1.23,9.569566075590761e-05,1.230433924409238,9.569566075590761e-05,2.004372937172154e-08
9.570365552986955e-05,1.23,9.570365552986955e-05,1.229634447013044,9.570365552986955e-05,9.861791303338829e-09
9.571072593321926e-05,1.23,9.571072593321926e-05,1.228927406678073,9.571072593321926e-05,2.904149948763238e-08
9.571729936789334e-05,1.23,9.571729936789334e-05,1.228270063210665,9.571729936789334e-05,-8.879099565758688e-10
9.572547470972811e-05,1.23,9.572547470972811e-05,1.227452529027189,9.572547470972811e-05,3.951542392456787e-08
9.573561107307673e-05,1.23,9.573561107307673e-05,1.226438892692326,9.573561107307673e-05,-9.191767577064063e-09
9.57481267673235e-05,1.23,9.57481267673235e-05,1.225187323267649,9.57481267673235e-05,4.616931215284223e-08
9.576703983331329e-05,1.23,9.576703983331329e-05,1.22329601666867,9.576703983331329e-05,-1.42659580415023e-08
9.578500817175919e-05,1.23,9.578500817175919e-05,1.22149918282408,9.578500817175919e-05,5.017223039028077e-08
9.580341652665266e-05,1.23,9.580341652665266e-05,1.219658347334733,9.580341652665266e-05,-1.835460090333339e-08
9.58382199902406e-05,1.23,9.58382199902406e-05,1.21617800097594,9.58382199902406e-05,5.323910696802854e-08
9.587220772630654e-05,1.23,9.587220772630654e-05,1.212779227369345,9.587220772630654e-05,-2.05113372961426e-08
9.593420318152008e-05,1.23,9.593420318152008e-05,1.206579681847991,9.593420318152008e-05,5.491837121506377e-08
9.599151580730329e-05,1.23,9.599151580730329e-05,1.20084841926967,9.599151580730329e-05,-2.175427505205705e-08
9.607716302477533e-05,1.23,9.607716302477533e-05,1.192283697522466,9.607716302477533e-05,5.599188800813122e-08
9.616741954407163e-05,1.23,9.616741954407163e-05,1.183258045592836,9.616741954407163e-05,-2.259614822388724e-08
9.62870564502947e-05,1.23,9.62870564502947e-05,1.171294354970529,9.62870564502947e-05,5.670773749738055e-08
9.639896619989022e-05,1.23,9.639896619989022e-05,1.160103380010977,9.639896619989022e-05,-2.323647798673641e-08
9.652599633373812e-05,1.23,9.652599633373812e-05,1.147400366626188,9.652599633373812e-05,5.732922325409747e-08
9.669695084278349e-05,1.23,9.669695084278349e-05,1.13030491572165,9.669695084278349e-05,-2.374439524763672e-08
9.697396159174425e-05,1.23,9.697396159174425e-05,1.102603840825574,9.697396159174425e-05,5.767945038310904e-08
9.728681160077288e-05,1.23,9.728681160077288e-05,1.071318839922711,9.728681160077288e-05,-2.399649566289758e-08
9.780238238128501e-05,1.23,9.780238238128501e-05,1.019761761871498,9.780238238128501e-05,5.786971948759855e-08
9.839367726140227e-05,1.23,9.839367726140227e-05,0.9606322738597727,9.839367726140227e-05,-2.413102478874908e-08
9.919683863070114e-05,1.23,9.919683863070114e-05,0.880316136929885,9.919683863070114e-05,5.797852791265408e-08
9.999999999999999e-05,1.23,9.999999999999999e-05,0.8,9.999999999999999e-05,-2.422330935372961e-08
